{
  "mean": [
    40.54924242905285,
    32.18502380411,
    0.6024981031866461,
    66.45129931714719,
    63.068862173432095,
    1749.0727739629253,
    80.9590324437494,
    5799.418281882359
  ],
  "scale": [
    10.8288915628284,
    8.978109080843488,
    0.047063272598296645,
    7.692602883709546,
    5.029918511045089,
    980.0362931880406,
    6.479568772528506,
    766.4904953123462
  ],
  "feature_names": [
    "RMS",
    "MAV",
    "ZCR",
    "MDF",
    "MNF",
    "Power",
    "SM1",
    "SM2"
  ]
}